colonne;description;type;disponibilite
date;Date du créneau observé;Date (AAAA-MM-JJ);Depuis le 2014-07-01 (début du fichier) à aujourd'hui
annee;Année, dérivée de la date;Nombre entier;Depuis le 2014-07-01 (début du fichier) à aujourd'hui
jour;Jour du mois, dérivé de la date;Nombre entier (1-31);Depuis le 2014-07-01 (début du fichier) à aujourd'hui
mois;Mois, dérivé de la date;Nombre entier (1-12);Depuis le 2014-07-01 (début du fichier) à aujourd'hui
heure;Créneau horaire (heure pleine);Texte (HH:00:00);Depuis le 2014-07-01 (début du fichier) à aujourd'hui
retours;Nombre de retours de documents à la médiathèque Grand Plage sur ce créneau. Pas de restriction d'amplitude ni de jour (un retour via la boîte de retour peut arriver n'importe quand, y compris le lundi, fermé au public) - une exclusion ponctuelle a été appliquée le 2026-03-30 18h-19h (1740 puis 1992 retours en 2h sans aucune autre activité ce jour-là, 3,6x le record de tout autre lundi - cas isolé, voir README);Nombre entier;Depuis le 2014-07-01 (début du fichier), jamais interrompue
prets;Nombre de prêts de documents à la médiathèque Grand Plage sur ce créneau. Restreint à l'amplitude d'ouverture (9h-19h) et exclut le lundi (fermeture au public, seuls les retours y sont possibles) - des lots de prêts groupés hors ouverture ont été identifiés et retirés (traitement automatisé non identifié, pas de la fréquentation réelle);Nombre entier;Depuis le 2014-07-01 (début du fichier), jamais interrompue
connexions_postes;Nombre de connexions aux postes informatiques sur ce créneau. Exclut le lundi;Nombre entier;Depuis le 2014-07-01 (début du fichier), jamais interrompue
connexions_wifi;Nombre de connexions au wifi public sur ce créneau. Exclut le lundi;Nombre entier;0 de 2014-07-01 à 2016-06-29 (service probablement inexistant) - première valeur réelle le 2016-06-30
impressions;Nombre de pages imprimées sur ce créneau (volume, pas un comptage de travaux d'impression). Exclut le lundi;Nombre entier;0 de 2014-07-01 à 2015-08-26 - première valeur réelle le 2015-08-27
frequentation_etude;Nombre d'entrées en salle d'étude sur ce créneau (badgeage entrée/sortie des usagers). Exclut le lundi;Nombre entier;0 de 2014-07-01 à 2016-11-25 (service probablement inexistant) - première valeur réelle le 2016-11-26
entrees;Nombre d'entrées physiques comptées par un capteur à l'entrée du bâtiment sur ce créneau (comptage brut de passages, personnel compris). Exclut le lundi;Nombre entier;Depuis le 2014-07-01 (début du fichier), jamais interrompue - source disponible depuis 2009, bien avant le début du fichier
occupation;Nombre de personnes présentes simultanément dans l'établissement à l'heure précise indiquée - contrairement aux autres colonnes, pas un cumul sur l'heure mais une valeur instantanée (entrées cumulées moins sorties cumulées depuis l'ouverture du jour, corrigée pour revenir à 0 à la dernière mesure du capteur en fin de journée). Peut ne pas afficher 0 à la dernière heure visible d'une journée si le capteur reste actif après l'arrêt des autres activités (personnel), sans que ce soit une erreur - voir README. Exclut le lundi;Nombre entier;Depuis le 2014-07-01 (début du fichier), jamais interrompue - source disponible depuis 2009, bien avant le début du fichier
